{"_default": {"1": {"timestamp": 1545620499.854402, "t": 30.21}, "2": {"h": 48.10932159423828, "timestamp": 1545620499.854713}, "3": {"p": 1024.64794921875, "timestamp": 1545620499.854876}, "4": {"timestamp": 1545620514.887814, "t": 30.28}, "5": {"h": 48.17578887939453, "timestamp": 1545620514.888097}, "6": {"p": 1024.677978515625, "timestamp": 1545620514.888258}, "7": {"timestamp": 1545620529.921236, "t": 30.27}, "8": {"h": 48.0727653503418, "timestamp": 1545620529.92152}, "9": {"p": 1024.69384765625, "timestamp": 1545620529.921678}}}